observation_date,symbol,asset_type,volume,trades,open_price,close_price,high_price,low_price,rv5
2025-02-28,GE,stocks,3458552,72540,201.95,207.05,207.32,200.9934,0.0002547056081397
2025-02-28,MSFT,stocks,19151979,414368,392.6858360128617,397.03,397.62713810316137,386.57,0.0004519378746927
2025-02-27,GE,stocks,2819587,60852,204.42,201.55,205.47,201.0601,0.0003332691809228
2025-02-27,MSFT,stocks,14508913,357570,401.2,392.58,405.74,392.26,0.0002148463726002
2025-02-26,GE,stocks,2795436,50975,201.76,201.6895887850467,204.6088,199.90743801652897,0.0001876880460112
2025-02-26,MSFT,stocks,11928718,308605,397.9878571428572,399.70709702660406,403.6153000000001,394.2417,0.0001247579204598
2025-02-25,GE,stocks,3233518,65966,198.98,199.27954545454543,200.0999,194.81,0.000297688651083
2025-02-25,MSFT,stocks,21839658,473958,401.1575,397.9,401.96,396.6901,0.0001371478052958
2025-02-24,GE,stocks,3553251,63499,202.63,198.82770326136887,203.3188,197.42,0.0002862824457365
2025-02-24,MSFT,stocks,19004178,494573,409.2245454545454,404.0872815533981,409.37819999999994,399.3,0.0003223806888848
2025-02-21,GE,stocks,3839845,71810,208.36,199.9,209.27,198.36,0.0001925312173672
2025-02-21,MSFT,stocks,19480163,367441,417.25999999999993,408.15,418.0499,407.89,0.00007146971110482595
2025-02-20,GE,stocks,2254034,46909,209.73,208.79,210.28,207.15,0.0001088022253465
2025-02-20,MSFT,stocks,18468620,370345,415.69,416.12993399339933,419.31,412.52,0.0001585698428439
2025-02-19,GE,stocks,2135717,49202,209.04,210.42,211.8,208.88,0.00009673187232353844
2025-02-19,MSFT,stocks,19012549,358173,408.94,414.82,415.5,407.65,0.00007724410119763523
2025-02-18,GE,stocks,3363414,65982,209.89854581673308,210.05,212.2199,209.29844827586209,0.0001749827856777
2025-02-18,MSFT,stocks,13091122,323090,408.0097826086957,409.64,410.6,406.49999999999994,0.00008760801510315017
2025-02-14,GE,stocks,3286546,60550,208.66,208.3,209.2988,204.94,0.0003284440751612
2025-02-14,MSFT,stocks,16581527,349538,407.6197791164659,408.33,408.83,405.88,0.0000727442787466283
2025-02-13,GE,stocks,2665774,59139,211.12,208.4,211.3,206.2301,0.000241851209619
2025-02-13,MSFT,stocks,12313168,311429,407.23229807692314,410.52,411.0,406.36,0.00008072446579170708
2025-02-12,GE,stocks,3903420,71576,206.8636155606407,209.565,211.42,206.06,0.0001517068560666
2025-02-12,MSFT,stocks,11519099,307932,407.27,408.95,410.75,404.3401,0.000063962412350682
2025-02-11,GE,stocks,3481093,69517,205.0,208.87,209.16,204.44,0.0000737575968973195
2025-02-11,MSFT,stocks,9071149,229731,409.624226044226,411.55,412.49,409.3075,0.00003184927303525023
2025-02-10,GE,stocks,2866344,55919,206.14,205.2762993809792,206.8,203.4,0.00007656277248354171
2025-02-10,MSFT,stocks,11828900,277315,413.63,412.21,415.5,410.92,0.00004804890691027956
2025-02-07,GE,stocks,2837757,55587,206.48169177288528,205.29,207.8788,204.5,0.0001971362124752
2025-02-07,MSFT,stocks,17167110,424906,416.3450812274368,409.75999999999993,418.65,408.08,0.0001652128332642
2025-02-06,GE,stocks,2506338,53933,205.00254545454544,206.02,206.11,204.05,0.0001006844915515
2025-02-06,MSFT,stocks,11785913,274932,414.5017553191489,415.845,418.2,414.0799999999999,0.00008123937729039837
2025-02-05,GE,stocks,2617365,53004,203.88,204.62989772727272,205.3,201.79,0.0001651774955143
2025-02-05,MSFT,stocks,12376548,295190,411.83,413.28,413.83,410.4,0.000049673549015102976
2025-02-04,GE,stocks,4315553,71367,202.5603703703704,202.13,204.6,200.43,0.0002059304531605
2025-02-04,MSFT,stocks,15731314,330294,412.5108138351984,412.2996375,413.92,409.71,0.00008983071257557549
2025-02-03,GE,stocks,3325943,69822,200.0,204.12,204.73,198.8669,0.0002882056441359
2025-02-03,MSFT,stocks,19606680,465512,411.6834456928839,411.00856125356125,415.41,408.65,0.0001815082996286
2025-01-31,GE,stocks,3694058,72221,205.84,203.68,205.8988,203.07,0.0001706867936103
2025-01-31,MSFT,stocks,24926903,530555,418.660486223663,415.0410476190476,420.69,414.9399431818182,0.000135440736039
2025-01-30,GE,stocks,5271787,86219,199.81,205.53,205.93,199.3201,0.000265829442543
2025-01-30,MSFT,stocks,46809109,1060388,418.7160209424083,414.87,422.88,413.15,0.0003890457644439
2025-01-29,GE,stocks,4582203,80726,194.93,199.09,199.95,194.85,0.0002885179246888
2025-01-29,MSFT,stocks,14414746,338756,446.69,441.77,446.88,440.37,0.0001899108353737
2025-01-28,GE,stocks,3717518,69326,195.4933333333333,194.4176923076923,196.6888,191.77,0.0001634363580859
2025-01-28,MSFT,stocks,17986636,401357,433.9644444444445,447.02,448.4,431.31,0.0001676285916197
2025-01-27,GE,stocks,5491268,95440,194.36013422818792,194.51,196.63,192.68,0.0003940389152036
2025-01-27,MSFT,stocks,24904440,564245,424.0,434.57,435.196977324263,423.5,0.0003214986619468
2025-01-24,GE,stocks,6627828,101435,202.41333333333333,196.82,202.9967132867133,195.5,0.0005991269279967
2025-01-24,MSFT,stocks,10162921,258883,444.9995412844037,443.97333333333336,446.68,441.4,0.00008280775297378918
2025-01-23,GE,stocks,12392534,168597,201.36555,200.75,207.66,198.1,0.0010444534313744
2025-01-23,MSFT,stocks,11197310,268066,442.0940058055152,446.7,446.74034019501624,441.43,0.000060816174341649226
2025-01-22,GE,stocks,6455643,92448,188.08,188.30199335548176,189.24,186.61,0.0001834935525305
2025-01-22,MSFT,stocks,19264756,440717,437.4764165390505,446.16,447.27,436.0,0.0001193201218117
2025-01-21,GE,stocks,6302169,83435,184.9,187.59,189.66,166.87,0.0001677296779712
2025-01-21,MSFT,stocks,13282587,364576,430.11732095490714,428.6200181818182,431.0,425.55,0.0001188617353285
2025-01-17,GE,stocks,4810354,62742,180.78,182.81,183.208,179.85,0.0001240230400144
2025-01-17,MSFT,stocks,20215602,263526,434.09416666666664,428.99999999999994,434.48,428.19659966499165,0.000118705001954
2025-01-16,GE,stocks,5232493,66231,181.6776146788991,179.74,182.88,178.58,0.0001573071587726
2025-01-16,MSFT,stocks,10697941,235307,428.7233636363636,424.59,429.49,424.38,0.0001186406684085
2025-01-15,GE,stocks,5554148,75388,179.07,180.27,180.93,178.64,0.00008680766836546895
2025-01-15,MSFT,stocks,12433603,293118,419.11,426.26,428.1988,418.265,0.0001325273952001
2025-01-14,GE,stocks,5668526,79671,173.11,176.85,177.9,172.39,0.0003383655905258
2025-01-14,MSFT,stocks,11781478,278543,417.820198019802,415.68,419.75,410.71,0.0001489627679787
2025-01-13,GE,stocks,4595258,72539,169.5334,171.57,172.52,169.0,0.0002200360445317
2025-01-13,MSFT,stocks,12089665,287607,415.22,417.2271601208459,418.5,412.28,0.0001242989561687
2025-01-10,GE,stocks,4133245,65857,172.4,171.75,173.46,170.73,0.0001544974652271
2025-01-10,MSFT,stocks,13843032,347124,424.5664285714286,418.90862247681395,424.89,415.0294666666667,0.0002495162487176
2025-01-08,GE,stocks,3242559,53967,172.0,172.87933333333334,173.5899,170.71,0.0001376440569465
2025-01-08,MSFT,stocks,9647238,236917,423.61512280701754,424.48215202576085,426.9888,421.51,0.0001120998583423
2025-01-07,GE,stocks,5392449,66819,172.22,172.34,173.7288,170.74487179487178,0.0001839264996485
2025-01-07,MSFT,stocks,10866290,284463,429.1185379202502,422.49,430.66,420.77,0.0001157255613533
2025-01-06,GE,stocks,3940993,65732,173.15,172.53,173.68,171.1009,0.0001269493330991
2025-01-06,MSFT,stocks,13310956,348731,428.0500750000001,428.0702252252252,434.32,425.4601,0.00008954008040831403
2025-01-03,GE,stocks,2744049,55735,169.22,171.98000000000002,172.6588,169.0,0.0001807872444225
2025-01-03,MSFT,stocks,11902325,273267,421.5227152988855,423.37,424.04,419.54,0.00008566372119310652
2025-01-02,GE,stocks,2952719,57203,167.66604999999998,168.61517285766828,170.8,167.17,0.0002447528756202
2025-01-02,MSFT,stocks,12328848,338615,425.7041015625,418.61,426.13,414.82,0.000199405777846
2024-12-31,GE,stocks,2035616,40419,168.49,166.81,168.88,166.14,0.0001514828861824
2024-12-31,MSFT,stocks,8711219,221073,426.26,421.291,426.73,420.64,0.0001143057668285
2024-12-30,GE,stocks,1969621,42874,167.2,168.02,169.24242424242425,166.0001,0.0001274671373861
2024-12-30,MSFT,stocks,9682653,269222,426.34541666666667,424.82,427.55,421.9,0.0001158185530456
2024-12-27,GE,stocks,2534958,49801,170.72,170.13,171.4788,168.98,0.000104269657266
2024-12-27,MSFT,stocks,12894218,308204,435.00299401197606,430.6700000000001,435.25,426.35,0.0001610272864348
2024-12-26,GE,stocks,2584436,47168,171.02,172.15,172.6799,170.11,0.00007554886326517396
2024-12-26,MSFT,stocks,5998995,171925,439.2494385026738,438.1125773195876,440.96,436.55,0.00007251910237080887
2024-12-24,GE,stocks,1761454,31399,169.24,171.26,171.37,168.67,0.00007560861812940473
2024-12-24,MSFT,stocks,4964876,124039,434.683,439.184132231405,439.42,434.165,0.00002384090160224864
2024-12-23,GE,stocks,3019807,58583,168.12,168.91842105263154,169.34,166.53,0.00008652537261692233
2024-12-23,MSFT,stocks,10239728,253225,436.6686403508772,435.22,437.68,432.83,0.00008407468641264399
2024-12-20,GE,stocks,4651858,72172,163.97009685230023,168.42469483568073,169.08,163.0012,0.0001771666416763
2024-12-20,MSFT,stocks,24064623,345191,432.6660085607277,437.0004794520548,443.75,428.67,0.000288297662436
2024-12-19,GE,stocks,4426892,79593,163.03,164.785,165.79,162.0,0.000200123113107
2024-12-19,MSFT,stocks,13927539,311052,441.6908670520231,437.02,443.1888,436.34,0.0001638195751734
2024-12-18,GE,stocks,4644636,85135,166.0,159.85555555555555,166.7899,159.59,0.0002557961862415
2024-12-18,MSFT,stocks,16090484,365973,451.31975483870974,437.26112158808934,452.6600000000001,437.0,0.0003446471041948
2024-12-17,GE,stocks,3321397,67360,165.0739393939394,165.79,166.51,163.53,0.0001423009537556
2024-12-17,MSFT,stocks,12306882,308903,451.011750902527,454.47285,455.28,449.49999999999994,0.0001151619689258
2024-12-16,GE,stocks,4152098,71086,166.32,165.815,169.2,165.45,0.0001724924004879
2024-12-16,MSFT,stocks,12932246,306074,446.99999999999994,451.71,452.18,445.25,0.0000856239180392112
2024-12-13,GE,stocks,3492814,66833,165.65,165.98943396226414,167.88,165.535,0.000198821817047
2024-12-13,MSFT,stocks,13547134,260252,447.8102777777778,447.26,451.4799,445.58,0.00009165336435376904
2024-12-12,GE,stocks,5987088,100765,168.64,164.84,169.4262,164.45509699321045,0.0001212279282246
2024-12-12,MSFT,stocks,14273199,305333,449.81,449.475,456.18,429.1793023255814,0.0001884947187939
2024-12-11,GE,stocks,5476465,98841,173.17,168.60528169014083,173.17,167.94083333333333,0.0003176578599664
2024-12-11,MSFT,stocks,10519955,260752,444.10225806451615,449.0,450.3402430243024,444.0,0.00007984391176817545
2024-12-10,GE,stocks,3781210,66193,171.01337662337662,171.32998248128683,173.165,170.5403,0.00008897590967177102
2024-12-10,MSFT,stocks,11577773,297535,444.2100478468899,443.48,449.64,441.57,0.0001415399218457
2024-12-09,GE,stocks,4839322,92065,175.0,171.37,176.49,170.7501,0.0002223390451679
2024-12-09,MSFT,stocks,12533425,304343,442.7100086058519,445.9,448.3399,440.4,0.00008563282304161935
2024-12-06,GE,stocks,5158344,85278,173.34870056497178,175.57,175.80626780626778,172.41,0.0002669578920534
2024-12-06,MSFT,stocks,11748512,263250,442.24,443.52,446.1,441.76,0.00007792114059378286
2024-12-05,GE,stocks,6406729,105582,180.33,173.02,180.99,172.7101,0.0003778958499248
2024-12-05,MSFT,stocks,15930050,318717,438.2985250737463,442.63465,444.66,436.15,0.0001042075933614
2024-12-04,GE,stocks,2584895,50656,180.5,182.61,182.9,177.95,0.0003519102962232
2024-12-04,MSFT,stocks,17397837,336414,433.0579396984925,437.32807799442895,439.68,432.62999999999994,0.0001411744837205
2024-12-03,GE,stocks,1860023,42695,181.0,180.70088368092885,182.24,179.9,0.00007792450357826278
2024-12-03,MSFT,stocks,10361461,255367,429.95014577259474,431.14,432.47,427.68,0.00008158783100315771
2024-12-02,GE,stocks,1976367,48765,180.8,180.39,182.0,179.42,0.0001423852565378
2024-12-02,MSFT,stocks,13209339,322680,421.79541095890414,430.97,432.8,421.3,0.0001349846845605
2024-11-29,GE,stocks,1291450,29543,181.45,182.2392063492063,182.9899,181.065,0.0000716266081399661
2024-11-29,MSFT,stocks,9177581,199353,420.0950276243094,423.4773913043478,424.89,417.8,0.000075824812953614
2024-11-27,GE,stocks,2090242,49563,184.6265,180.6,184.79,180.4401,0.0001775914338729
2024-11-27,MSFT,stocks,10493342,246239,425.12,422.91,427.3388,422.02,0.00008209350141716873
2024-11-26,GE,stocks,2544036,59360,180.87,184.59,184.93,180.06,0.0001619951544218
2024-11-26,MSFT,stocks,15999454,333473,419.5787356321839,427.73243902439026,429.06,418.85,0.0001041401029148
2024-11-25,GE,stocks,2979374,67607,182.24,180.18,183.79,179.5401,0.0001401136253692
2024-11-25,MSFT,stocks,11586826,297568,418.2254719917012,418.7805660377358,421.12,414.8,0.0001208551980698
2024-11-22,GE,stocks,2123093,45618,179.3,181.11,181.74,178.7,0.00007139331172375685
2024-11-22,MSFT,stocks,14158246,272313,411.34321285140567,417.0236781609195,417.4,411.05,0.0001350064497991
2024-11-21,GE,stocks,3212086,49950,178.41,178.77615384615385,180.9809,177.32,0.0001893382607184
2024-11-21,MSFT,stocks,14387753,321575,419.4927887323944,412.80000000000007,419.82,410.28,0.000231088312907
2024-11-20,GE,stocks,2555370,52093,178.1,177.96953294001966,178.56,175.98,0.00009557975246974853
2024-11-20,MSFT,stocks,12196697,271537,417.0796721311475,415.39622498892504,417.3559047619047,410.5799999999999,0.00009683258460098012
2024-11-19,GE,stocks,2555361,49922,176.5,177.55,177.8893,175.7,0.00008835126266447183
2024-11-19,MSFT,stocks,12512440,262151,413.644,417.63586510263934,417.94,411.55,0.00007078683047759821
2024-11-18,GE,stocks,2331851,51478,177.0,177.54533333333336,178.5699,175.08,0.0001453535621392
2024-11-18,MSFT,stocks,11011444,268012,414.87,415.75575221238944,418.44,412.1,0.00005990754128274778
2024-11-15,GE,stocks,4605139,67505,176.75,176.9,177.975,175.87,0.00009853701295887228
2024-11-15,MSFT,stocks,20160986,368345,419.6604667609618,414.8098642042368,422.87,413.64,0.0001070797279227
2024-11-14,GE,stocks,4239622,77934,183.0,178.39999999999998,183.85,177.5,0.0001576749050696
2024-11-14,MSFT,stocks,17444889,368741,424.9988023952096,426.7002650290886,428.18,420.0,0.000312673776482
2024-11-13,GE,stocks,3338334,57546,182.95,183.56,186.33,182.64,0.0001139280733445
2024-11-13,MSFT,stocks,15325160,329004,421.66,425.34,429.34,418.1712,0.0001362802687285
2024-11-12,GE,stocks,2224169,50991,185.07,182.68960396039603,185.9,180.5712,0.00009717258354892532
2024-11-12,MSFT,stocks,12736615,323699,417.89376488095235,423.1282126899017,424.4399,417.12,0.00008983917351145357
2024-11-11,GE,stocks,2750178,59505,186.0005,184.62,187.53,183.67,0.0001033733333824
2024-11-11,MSFT,stocks,15232967,345583,422.44,418.19,424.85,416.0,0.00007204080409098552
2024-11-08,GE,stocks,3842283,75876,179.65,184.8780297565374,186.42,179.25,0.000155899963193
2024-11-08,MSFT,stocks,10906400,339884,425.40967581047386,422.93,426.5,421.78,0.000056242537496838454
2024-11-07,GE,stocks,4175371,80197,181.02,178.87,181.365,176.77,0.0002289751116207
2024-11-07,MSFT,stocks,13533011,389381,421.2482773109243,425.5114285714286,426.86,419.83069767441856,0.00008716939682357101
2024-11-06,GE,stocks,4853921,90403,181.5,180.65852289512551,182.17,178.4,0.0003477586648309
2024-11-06,MSFT,stocks,19225341,501123,412.44999999999993,420.20875,420.4390909090909,410.5212,0.0001517625723765
2024-11-05,GE,stocks,2605598,54421,172.36,175.22536924201802,175.47000000000003,171.76,0.0000873193625794166
2024-11-05,MSFT,stocks,13609672,255973,408.08,411.48,414.9,408.0799999999999,0.0001217103597414
2024-11-04,GE,stocks,3653466,59733,172.13019264183728,171.83,174.6899,171.44,0.0002131490748841
2024-11-04,MSFT,stocks,12642790,399454,409.8738766519824,408.7000000000001,410.45,405.5665,0.000162592735433
2024-11-01,GE,stocks,3153998,59092,172.76,171.71,175.27,171.585,0.0001509144926817
2024-11-01,MSFT,stocks,18462541,467687,409.00166666666667,410.0133333333333,415.5,407.4701,0.0001177107853633
2024-10-31,GE,stocks,3934183,72171,172.0,171.78041379310346,173.6888,170.42,0.0002177746251066
2024-10-31,MSFT,stocks,40882180,1002880,415.01,406.31,416.1578768577495,406.29,0.0004235161771237
2024-10-30,GE,stocks,2814050,56882,172.98,174.72,176.554,172.505,0.00008641632416417342
2024-10-30,MSFT,stocks,19822758,516757,437.37,433.63,438.52,432.1628370663153,0.0001409528436791
2024-10-29,GE,stocks,3840524,75294,174.56,174.0907076923077,174.8,172.77,0.00009699190477190276
2024-10-29,MSFT,stocks,11285344,321162,428.0,431.96,433.18,425.8,0.0000721294666788837
2024-10-28,GE,stocks,4740927,88465,179.99287671232875,175.31006666666667,180.58,175.21298329355608,0.000404472016684
2024-10-28,MSFT,stocks,10771609,340168,431.4915267175573,426.71901098901105,431.95,426.36624020887734,0.00005562283775665342
2024-10-25,GE,stocks,2798885,58587,180.00020240680087,179.13,181.4299,178.25,0.0001923568639224
2024-10-25,MSFT,stocks,12980183,333228,426.6043961352657,428.32,432.51,426.5,0.0001100273350759
2024-10-24,GE,stocks,3276382,63235,182.05550898203597,179.67,182.39,179.6325769230769,0.0002046435099422
2024-10-24,MSFT,stocks,8647656,266386,425.3604,424.77166666666665,425.9988,422.4,0.00006467740492592502
2024-10-23,GE,stocks,8100549,128386,179.7,181.75029904306223,184.99,179.2301,0.0003347424521044
2024-10-23,MSFT,stocks,14103900,379549,431.07,424.625925,431.2,422.5101,0.0002534522801759
2024-10-22,GE,stocks,13852799,215678,184.4997210827525,176.65,185.0,175.75,0.0005583597573567
2024-10-22,MSFT,stocks,17796286,434342,418.47,427.4601213592233,430.5793,418.04,0.0001475065384314
2024-10-21,GE,stocks,3991647,71881,192.91007158827912,194.26876998769987,194.39,192.01,0.0001266206153193
2024-10-21,MSFT,stocks,9286534,309765,416.1242,418.7999999999999,418.96,413.75,0.00006534707224895882
2024-10-18,GE,stocks,2501730,46721,193.1,192.5586206896552,193.5,191.07,0.00007486246709166545
2024-10-18,MSFT,stocks,10753629,263695,417.17,418.17,419.6499,416.2505,0.00006578004768216319
2024-10-17,GE,stocks,2150848,48297,194.08983686025917,192.58,194.88,192.2,0.0000911558382336406
2024-10-17,MSFT,stocks,10460697,280472,422.38,416.72,422.50000000000006,415.5673,0.0001216521515057
2024-10-16,GE,stocks,2511226,47854,190.52,192.13,192.23,189.91,0.0001133015147487
2024-10-16,MSFT,stocks,11254869,348711,415.131186440678,416.1295054945055,416.36,410.48,0.00007912716518666256
2024-10-15,GE,stocks,2958703,61491,193.97512437810943,190.65,194.4378,189.76,0.0001564249694224
2024-10-15,MSFT,stocks,11540529,364707,422.2,418.78,422.48,415.2201,0.00009535339059792128
2024-10-14,GE,stocks,2177249,47779,191.9662445414847,192.66,193.9377011494253,191.605,0.0001270509255912
2024-10-14,MSFT,stocks,12589717,346463,417.7272142857143,419.1119811842833,424.04,417.52,0.000087524812957215
2024-10-11,GE,stocks,2422505,47786,189.4099994192293,191.22,191.7999,188.9,0.00006918599856098817
2024-10-11,MSFT,stocks,10748152,310465,416.135,416.39,417.16,413.25,0.00008212574745154378
2024-10-10,GE,stocks,1813167,39795,188.15,188.12587719298244,189.75,187.3921,0.00005878938802989477
2024-10-10,MSFT,stocks,10010823,292874,415.225,415.841,417.38,413.1,0.00004676351579081673
2024-10-09,GE,stocks,1756191,44196,186.63,189.24,189.43,186.5,0.00006954956493277933
2024-10-09,MSFT,stocks,11499352,322428,416.0,417.42,420.38,414.3173797338793,0.00005730164767214547
2024-10-08,GE,stocks,3066460,55367,186.99999999999997,187.4599162401117,189.88,186.56,0.0001758274606808
2024-10-08,MSFT,stocks,14081974,289389,410.9,414.78,415.6600000000001,408.1544444444445,0.00006614475564852204
2024-10-07,GE,stocks,1968143,42551,185.9251612903226,186.0,187.23,184.8012,0.0001070520076226
2024-10-07,MSFT,stocks,14283171,423034,416.045,409.66,417.1588,408.99999999999994,0.000059756906801022985
2024-10-04,GE,stocks,3154815,57059,186.61763092269328,187.01,187.18,184.86,0.00009117895080506662
2024-10-04,MSFT,stocks,11343078,338494,417.88,416.02,419.75,415.0101,0.0001094612958975
2024-10-03,GE,stocks,2557357,49916,186.5,183.83,186.79,183.7,0.0001477262835233
2024-10-03,MSFT,stocks,10421102,305867,417.7653767820774,416.54,419.56,414.297572815534,0.0001145079117967
2024-10-02,GE,stocks,2210099,47075,185.57,186.49,188.2,184.61,0.0001590956294855
2024-10-02,MSFT,stocks,12145605,354971,422.735,417.12,422.89,416.7099999999999,0.0001653298288403
2024-10-01,GE,stocks,2987305,63946,187.49,186.31,188.22,184.91999999999996,0.0001588440821745
2024-10-01,MSFT,stocks,13284605,416333,428.45,420.7306422018349,428.79,418.81,0.0001551065837342
2024-09-30,GE,stocks,2867599,59160,185.38,188.51,188.71,183.1,0.0001784230337457
2024-09-30,MSFT,stocks,9763043,321051,428.21,430.3390102389078,430.34,425.3572,0.00006792581818924799
2024-09-27,GE,stocks,3589159,61657,184.17,185.36,186.19,183.0501,0.00009477424833955608
2024-09-27,MSFT,stocks,9982394,277829,431.5977936507936,428.00539939332657,431.85,427.4401,0.000047883574153485086
2024-09-26,GE,stocks,3995337,77470,189.4,184.6,189.59,184.53,0.0003290307453667
2024-09-26,MSFT,stocks,10238469,252879,435.0,431.31,435.345,429.13,0.0001151816069856
2024-09-25,GE,stocks,2345176,52497,189.85,189.34,190.88,188.11,0.0001319873223658
2024-09-25,MSFT,stocks,8733069,276217,429.92576419213975,432.0400000000001,433.1388,428.57,0.000036590959806686536
2024-09-24,GE,stocks,2953403,53024,188.67,189.70108749999997,189.805,187.0037,0.00009719796585837936
2024-09-24,MSFT,stocks,10772876,330620,433.0,429.30907749077494,433.5,426.0899999999999,0.00007103840464388286
2024-09-23,GE,stocks,3007256,54775,187.81,188.74,189.78,187.33,0.0001544639532133
2024-09-23,MSFT,stocks,7866581,283030,434.275,433.3720242914979,436.4788,430.37,0.000111917425277
2024-09-20,GE,stocks,3980813,69563,185.0,187.38,187.85,184.3101,0.0001170118611581
2024-09-20,MSFT,stocks,17853404,327011,437.13577519379845,435.28,439.24,434.21,0.00008472652953087186
2024-09-19,GE,stocks,3806555,69642,187.23428571428573,186.16,187.99,184.28,0.0002486089005894
2024-09-19,MSFT,stocks,13911357,365482,441.27,438.68206349206343,441.50000000000006,436.88,0.00008299978665644038
2024-09-18,GE,stocks,4787739,80860,181.4899739717555,183.5883870967742,185.8,180.43,0.0003683633706799
2024-09-18,MSFT,stocks,14265476,362437,434.99,430.7726666666666,436.04,430.4201,0.0001723109577572
2024-09-17,GE,stocks,3586563,66178,181.51,180.33,182.4366,178.99,0.0002012593422518
2024-09-17,MSFT,stocks,14712852,387423,440.22704,435.16,441.8499,432.24,0.0001628706916928
2024-09-16,GE,stocks,5594601,73753,178.548,181.44,181.52,176.25,0.0002944033771925
2024-09-16,MSFT,stocks,10334977,337188,430.59,431.44,433.53,428.2075,0.000108317223856
2024-09-13,GE,stocks,6464167,102007,169.41,178.3,179.32000000000002,169.12,0.0002965703223027
2024-09-13,MSFT,stocks,10738427,309581,425.79,430.5725,431.86,425.465,0.00006276049525889102
2024-09-12,GE,stocks,4252959,61938,166.28708333333333,169.7001818181818,170.99,166.12,0.0001995141908069
2024-09-12,MSFT,stocks,12403553,354798,423.58,427.0890909090909,427.38,419.75000000000006,0.00012253502554
2024-09-11,GE,stocks,3456097,65344,166.24328922495275,166.30911666666665,166.73,162.23,0.0002408572443189
2024-09-11,MSFT,stocks,13131750,363009,415.5,422.94773195876286,423.9500000000001,409.58,0.0001321919571223
2024-09-10,GE,stocks,2594963,54814,167.45,166.97,167.7,164.25,0.0002205135200095
2024-09-10,MSFT,stocks,13991852,356988,408.03,414.2861752988048,416.33,407.6231692307693,0.0003050486306674
2024-09-09,GE,stocks,2883654,56880,163.49,165.34000000000003,166.4,162.8601,0.0001555891208622
2024-09-09,MSFT,stocks,11172120,327434,407.12,405.7226851851853,408.6888,402.15286516853934,0.0001086789976854
2024-09-06,GE,stocks,2828306,59252,164.51,161.28989583333333,166.1288,160.5601,0.0003525737318289
2024-09-06,MSFT,stocks,12580659,382693,409.49,401.74063448275865,410.65,400.77,0.0001663446100418
2024-09-05,GE,stocks,2591320,54610,164.775,163.89098360655737,166.0199,162.51,0.0003114708075627
2024-09-05,MSFT,stocks,10766799,319926,408.1353125,408.39644,413.11904,406.12975609756097,0.0001646583273351
2024-09-04,GE,stocks,3425285,61997,163.955,166.2766408839779,166.63,163.6,0.0002381928801957
2024-09-04,MSFT,stocks,11454250,348089,405.8174305555556,408.8,411.26,404.29,0.0001100117383937
2024-09-03,GE,stocks,4971471,94632,174.56920792079208,164.28,174.8,163.6,0.0006494056306398
2024-09-03,MSFT,stocks,13136867,417946,417.9498372093024,409.5392777777778,419.89,407.03,0.0001818804469531
2024-08-30,GE,stocks,2840290,58602,173.96,174.55,174.81538,171.71,0.0001498399153557
2024-08-30,MSFT,stocks,10737390,306219,414.91,417.119,417.39434322033895,412.13,0.00009409941844166174
2024-08-29,GE,stocks,3787984,61656,172.62,173.58,175.97,172.49,0.0001679955237603
2024-08-29,MSFT,stocks,12657054,344608,414.87054054054056,413.18,422.08,411.9299999999999,0.0001762954633356
2024-08-28,GE,stocks,3696402,52103,171.19899999999998,171.87,173.17,170.23,0.0002873742091586
2024-08-28,MSFT,stocks,9424268,315027,415.16,410.6126906779661,415.17,407.30999999999995,0.0001295874672123
2024-08-27,GE,stocks,2443862,43596,171.0,171.01055,171.529,169.55,0.0001135945662221
2024-08-27,MSFT,stocks,8440773,278770,412.86,413.83,414.36,410.23,0.0000984121759255468
2024-08-26,GE,stocks,2830917,46758,170.54000502329768,171.27999999999997,171.9388,169.5512,0.0001559127586202
2024-08-26,MSFT,stocks,8493366,320106,416.66421052631574,413.61148148148146,417.2799,411.33,0.000076438284524539
2024-08-23,GE,stocks,2551865,46204,170.0,171.06,171.35,168.85,0.0001697441656253
2024-08-23,MSFT,stocks,11836588,356169,416.9726666666666,416.58,419.27,412.090813771518,0.0001237547293699
2024-08-22,GE,stocks,2268668,46250,171.74,169.74,171.9899,168.756,0.0001765636143725
2024-08-22,MSFT,stocks,12480136,374551,424.36,415.62000000000006,426.7899,414.61,0.00013390332168
2024-08-21,GE,stocks,2186555,40432,170.1,171.1394121105232,172.2299,169.655,0.0001327578689811
2024-08-21,MSFT,stocks,9377164,285527,424.01,423.995,426.4,421.72,0.0000666741967263211
2024-08-20,GE,stocks,1965078,43259,170.91,169.97,170.96,169.15,0.0000624771768314938
2024-08-20,MSFT,stocks,10431866,301205,421.7,424.87,425.86,421.61,0.000041305688357852935
2024-08-19,GE,stocks,2539558,51504,169.61,170.92,170.99,168.4,0.0001154399784384
2024-08-19,MSFT,stocks,9745788,314709,418.9818181818182,421.5434210526316,421.64411214953265,416.45,0.00007430872360723025
2024-08-16,GE,stocks,2514998,47084,170.1863829787234,169.41,170.37,168.86,0.000057091607247045257
2024-08-16,MSFT,stocks,14325240,311583,421.09,418.54,421.39,417.29,0.00004518091650140675
2024-08-15,GE,stocks,3255133,56075,169.005,169.98,170.74050872093025,168.21,0.0001872557352642
2024-08-15,MSFT,stocks,12762680,332844,419.5,421.1,421.11,417.6201,0.00007379226407631304
2024-08-14,GE,stocks,3915222,64340,168.45624999999998,167.86,169.18,165.81,0.0001643494254496
2024-08-14,MSFT,stocks,11599436,304730,414.88905,416.62568421052634,417.73,412.42,0.00009349667978695856
2024-08-13,GE,stocks,2314740,44318,167.76,167.87,168.64,166.25,0.0001613429932169
2024-08-13,MSFT,stocks,11124686,325529,409.62129032258065,414.005,414.9500000000001,409.5,0.0001046897379669
2024-08-12,GE,stocks,2598625,48504,167.63,166.86,168.86,164.56,0.0003241015487636
2024-08-12,MSFT,stocks,10097736,327493,407.0761764705882,406.92,408.78,404.23,0.000156622276946
2024-08-09,GE,stocks,2156052,47725,165.45,167.04,167.9,164.4501,0.0002851466408199
2024-08-09,MSFT,stocks,10723336,314830,403.915,406.02579999999995,408.0416666666667,402.2301,0.0001698012773882
2024-08-08,GE,stocks,3217033,61077,164.46738317757007,165.56019607843135,166.33,163.5401,0.0003337768766129
2024-08-08,MSFT,stocks,13075973,370259,402.4500000000001,403.02,405.89,399.91,0.0001858214827443
2024-08-07,GE,stocks,3540754,60688,164.42,162.21662049861496,166.29,161.55,0.0004026094764399
2024-08-07,MSFT,stocks,15450783,408952,408.69078431372543,398.27203389830504,410.1,397.45,0.0001954753953027
2024-08-06,GE,stocks,3857837,64577,159.93,162.13,165.46,159.73999999999998,0.0005903907782575
2024-08-06,MSFT,stocks,18233864,493842,400.07507462686567,399.43,405.7,398.41625,0.0002358418561749
2024-08-05,GE,stocks,5874658,91021,152.6062664714495,158.35,159.98,150.2,0.0009702347377877
2024-08-05,MSFT,stocks,30344442,819945,389.1101440329218,395.3016666666667,401.05,385.559,0.0006461624006179
2024-08-02,GE,stocks,7398972,119404,165.57,160.27,167.44,158.3501,0.0005731797551229
2024-08-02,MSFT,stocks,22152906,604606,412.9313333333333,408.49,415.0,404.33,0.0003454132749316
2024-08-01,GE,stocks,5369140,81532,170.821693877551,169.74,174.7,168.2,0.000460188626937
2024-08-01,MSFT,stocks,24069600,543635,420.75,417.0542647058824,427.47,413.0899999999999,0.0004358256031818
2024-07-31,GE,stocks,4464125,66909,170.87,170.09999999999997,171.68,167.91,0.0003227029241622
2024-07-31,MSFT,stocks,33349597,748635,420.49304347826086,418.3587714987715,421.775,412.2,0.0004661862812301
2024-07-30,GE,stocks,4559792,75110,170.48,167.49,174.73,167.27,0.0007008970601388
2024-07-30,MSFT,stocks,19913022,486149,427.9856737588652,422.4160233789149,429.05,417.3606,0.0002259127852049
2024-07-29,GE,stocks,4200747,64991,171.25,169.94916666666666,172.73,168.38,0.0002284331464677
2024-07-29,MSFT,stocks,11312349,355947,431.579801980198,426.8,432.02264615384615,424.7,0.0002449814257449
2024-07-26,GE,stocks,6284851,94394,166.735,169.82001740644037,172.62,166.1,0.0004571121747855
2024-07-26,MSFT,stocks,16440952,417370,418.1920729366603,425.4896428571429,428.92,417.27,0.0002431912963199
2024-07-25,GE,stocks,7375317,104399,163.30000201677484,164.69418604651162,168.2,161.89,0.0005835720599527
2024-07-25,MSFT,stocks,23882623,592618,428.7912543554007,418.4006369426751,429.84,417.51,0.0002916538283808
2024-07-24,GE,stocks,6467762,103363,171.5,162.33,172.8799,162.05,0.0005126309844161
2024-07-24,MSFT,stocks,19436773,528900,440.4160795454546,428.94,441.49,427.56,0.000145593674972
2024-07-23,GE,stocks,15070919,181978,166.0,171.9234328358209,177.20475,164.55036,0.0010185354653276
2024-07-23,MSFT,stocks,8989145,298688,443.895,444.82728841870824,448.39,443.08,0.0001371057259872
2024-07-22,GE,stocks,5242416,77095,159.97,162.76781818181817,162.94000000000003,159.7412,0.0001762174677961
2024-07-22,MSFT,stocks,10613653,373280,441.6570327102803,442.86,444.6,438.9,0.0001077433617588
2024-07-19,GE,stocks,4500844,63051,159.66,159.1019135135135,160.4499,157.615,0.0002840602037688
2024-07-19,MSFT,stocks,16122434,417138,433.1132786885246,437.09,441.15,432.0,0.0002466311061168
2024-07-18,GE,stocks,4579266,72441,157.37,158.78,160.5,156.42,0.000383505743025
2024-07-18,MSFT,stocks,17005654,480371,444.3933309300649,440.43,444.81,434.39,0.0002198855879648
2024-07-17,GE,stocks,4468233,77816,161.65,156.68,161.9524,156.5,0.0003670698676792
2024-07-17,MSFT,stocks,16501240,510069,442.5799999999999,443.5471428571428,444.84,439.18,0.0001157762981356
2024-07-16,GE,stocks,5662851,77445,159.88,162.87241032998566,163.8688,159.6,0.0001934454880972
2024-07-16,MSFT,stocks,13386037,434032,454.31,449.49000000000007,454.3222,446.66,0.00008962144021943168
2024-07-15,GE,stocks,4416957,65551,160.6,159.6,160.88,158.6,0.0001589020031143
2024-07-15,MSFT,stocks,9950639,387592,453.2981180811808,454.0480263157895,457.26,451.43,0.0001253878708451
2024-07-12,GE,stocks,4968918,76279,161.88,158.81,162.2999,158.79,0.0001635470527369
2024-07-12,MSFT,stocks,11615773,407944,454.5770196078431,453.76,456.37,450.6,0.0001003329629692
2024-07-11,GE,stocks,3698707,59719,165.19,161.85425287356324,165.68,161.77,0.0002196362730305
2024-07-11,MSFT,stocks,17099195,542405,462.66,454.7097350993377,464.82,451.57,0.0001532844573664
2024-07-10,GE,stocks,3145608,52164,163.15,165.66,165.9882,162.5301,0.0001830010671076
2024-07-10,MSFT,stocks,12184447,378731,461.22,466.2221980706087,466.46,458.8,0.0000990248490444465
2024-07-09,GE,stocks,3216861,51305,163.98,163.14,165.58,163.03,0.0001395017443544
2024-07-09,MSFT,stocks,13846528,437860,467.07,459.53,467.33,458.0,0.00005275415022825127
2024-07-08,GE,stocks,2542013,50159,160.8,163.46999999999997,163.83,160.6,0.0002685053914462
2024-07-08,MSFT,stocks,9443808,374698,466.65,466.27981096408314,467.7,464.46,0.000060243927025524973
2024-07-05,GE,stocks,3328964,61794,162.865,160.52,163.21,159.66,0.0001316018762033
2024-07-05,MSFT,stocks,11025549,396664,459.63,467.39,468.35,458.97,0.0001012155929951
2024-07-03,GE,stocks,2107803,40054,161.88,163.05,164.49,161.42,0.000205270058268
2024-07-03,MSFT,stocks,7336236,286182,458.20201612903224,460.77230769230766,461.02,457.85,0.00003324492869696776
2024-07-02,GE,stocks,3858512,58264,158.82,161.47,162.94,158.25,0.0002362365778519
2024-07-02,MSFT,stocks,9714882,341780,453.1494496855346,459.40319327731095,459.59,453.05,0.0000634422415641892
2024-07-01,GE,stocks,3886306,63922,160.6695967429236,158.97,161.395,156.05,0.0003448855021797
2024-07-01,MSFT,stocks,13410120,401572,448.64418604651166,456.6144927536232,457.37,445.6206,0.0001440716187999
2024-06-28,GE,stocks,3246262,60112,160.00035241813055,158.965,161.655,157.9,0.000145560051466
2024-06-28,MSFT,stocks,15208778,385201,453.0993645990922,446.82,455.39,446.4,0.000147798330035
2024-06-27,GE,stocks,2470213,50386,160.8,160.51,161.85,159.58,0.0001341628325449
2024-06-27,MSFT,stocks,10431346,319186,452.04,452.98846153846154,456.1700000000001,451.77,0.00007020858712437696
2024-06-26,GE,stocks,2765407,54450,158.57,160.65,161.03,157.5001,0.0001833520465092
2024-06-26,MSFT,stocks,9963261,315593,448.7498536585366,452.1323096663815,453.63,448.19,0.00006434681352399853
2024-06-25,GE,stocks,5756933,76644,159.3325,159.73,163.65000000000003,158.42,0.0004373150643572
2024-06-25,MSFT,stocks,9969765,300365,448.06,450.92251588021776,451.45,446.74,0.000035077638813490756
2024-06-24,GE,stocks,4253024,74030,164.1,160.55,164.755,159.2,0.0004312813242898
2024-06-24,MSFT,stocks,10971979,377302,450.0463553530751,447.78179799048127,452.79,446.40468181818176,0.0001112629613089
2024-06-21,GE,stocks,4927432,63204,164.5,164.19,164.92,161.25,0.0002090082322299
2024-06-21,MSFT,stocks,19404031,368069,447.3831271477663,449.7806184291898,450.56,446.50545454545454,0.00008638001331045664
2024-06-20,GE,stocks,3841888,68035,164.97,165.06046296296296,166.3,163.0212,0.000214970640458
2024-06-20,MSFT,stocks,14747312,428849,446.5638596491227,445.785,446.7,441.2501,0.0001432270682291
2024-06-18,GE,stocks,3889224,64110,163.4,165.03,165.21,162.34,0.0002756062806176
2024-06-18,MSFT,stocks,12135819,366351,449.7204840271056,446.42,450.14,444.88272727272727,0.00008938700038400454
2024-06-17,GE,stocks,8581763,118021,156.14,163.2514918032787,167.4999,155.31,0.0004335875917779
2024-06-17,MSFT,stocks,15183796,424111,442.4327860696518,448.4493396226415,450.94000000000005,440.71,0.0000715662095363314
2024-06-14,GE,stocks,5454251,87360,154.22,155.89,156.6,153.20611666666665,0.0001755041569453
2024-06-14,MSFT,stocks,9697333,309249,438.0515649452269,442.5108695652174,443.15,436.72,0.000073482174684311
2024-06-13,GE,stocks,6359322,101084,160.59146766169155,155.7,160.9,154.17,0.0004219486474413
2024-06-13,MSFT,stocks,10908840,335376,441.0253448275862,441.39593082400813,443.39,439.3,0.00006892691773282857
2024-06-12,GE,stocks,5135011,73354,161.26190476190476,161.01,162.95,159.1701,0.0004831536627473
2024-06-12,MSFT,stocks,17448556,470369,435.2000756756756,441.0787,443.4,433.24,0.0001057128300833
2024-06-11,GE,stocks,4124132,60420,162.0555233853007,160.37,162.28,159.6,0.0001194655014171
2024-06-11,MSFT,stocks,10158451,339837,425.4266336633664,432.65,432.79239810986417,425.17,0.00007172669880151516
2024-06-10,GE,stocks,3803750,59043,161.9999540229885,162.89,163.9188,161.56,0.0001377789739504
2024-06-10,MSFT,stocks,10481775,356976,424.66,427.9023999175618,428.05,423.89,0.00009050986446496106
2024-06-07,GE,stocks,2745643,52932,160.68374999999995,161.92,163.8,160.1,0.000269783697492
2024-06-07,MSFT,stocks,8757296,232371,426.13594202898554,423.82,426.32,423.02938364779874,0.00008135753336815565
2024-06-06,GE,stocks,3142018,57241,162.3,160.68,163.2299,159.75,0.0001401480801702
2024-06-06,MSFT,stocks,9882322,327930,423.838,424.4688148148148,425.28,420.57,0.00004794907391998601
2024-06-05,GE,stocks,3246711,57538,161.83,162.55,162.94,160.51,0.0001016648647688
2024-06-05,MSFT,stocks,11926570,351380,417.8693617021276,424.0251008064516,424.08,416.29,0.00006366320713553562
2024-06-04,GE,stocks,3958037,65689,161.0,161.38,161.99,158.3401,0.0002170845291899
2024-06-04,MSFT,stocks,9490130,306233,412.18,416.07,416.45,409.5812,0.00008556951160177966
2024-06-03,GE,stocks,3683298,57968,166.12,161.5,166.79,159.03,0.0005972748616181
2024-06-03,MSFT,stocks,13810883,430866,415.52,413.65,416.43,408.9292295281583,0.0001230845432001
2024-05-31,GE,stocks,4500341,71858,164.31125,165.14,165.34,160.0501,0.0003314519096101
2024-05-31,MSFT,stocks,28200740,582291,416.75,415.32,417.01,404.5422255489022,0.0002952543792659
2024-05-30,GE,stocks,3573555,58062,163.48,164.2,165.03,163.19,0.0001513218190763
2024-05-30,MSFT,stocks,22648978,532353,424.25324873096446,414.6746231155779,424.39,414.24,0.0001333902448564
2024-05-29,GE,stocks,3932442,66887,166.58800000000002,163.69,167.6505,163.39,0.0001479496000593
2024-05-29,MSFT,stocks,11378194,319133,425.89,429.51,430.94,425.65,0.0000685305242921959
2024-05-28,GE,stocks,4984487,71017,167.0,168.56,168.65,165.3004,0.0001637692600852
2024-05-28,MSFT,stocks,11810091,366562,429.82,430.33,430.83,426.6,0.00009384961161475484
2024-05-24,GE,stocks,4683226,75986,165.83,167.28843014128728,169.15,163.85,0.0002644813439657
2024-05-24,MSFT,stocks,8842446,293328,427.19855,430.13,431.0524590163934,424.39,0.00005903944881068312
2024-05-23,GE,stocks,6308514,89497,161.98577731092436,165.27,166.27,161.72,0.0002841630700215
2024-05-23,MSFT,stocks,12435162,348594,432.96,427.15,433.595,425.42606666666666,0.00006834772031151054
2024-05-22,GE,stocks,3631081,64147,160.49,160.76,161.74,159.73,0.00009231256669333524
2024-05-22,MSFT,stocks,13560033,313303,430.09,430.54656441717793,432.4381,427.11,0.0001053690139054
2024-05-21,GE,stocks,4198801,61296,157.94,161.04004283054002,161.22,157.35,0.0001909478969495
2024-05-21,MSFT,stocks,15670174,380404,426.99,429.06625,432.97,424.85,0.00009238962274679602
2024-05-20,GE,stocks,4566681,66683,159.92,159.27,161.42000000000002,158.82,0.0001030734234112
2024-05-20,MSFT,stocks,10349570,315610,420.1610344827586,425.43,426.8,419.995,0.00009332257977130564
2024-05-17,GE,stocks,5026467,71996,161.92,159.9,161.98,159.09,0.00009234336631921878
2024-05-17,MSFT,stocks,10587704,281898,422.55,420.24,422.9200000000001,418.01,0.00007501172561635235
2024-05-16,GE,stocks,3295382,58944,163.0,161.2,163.94,161.09,0.0001864465530222
2024-05-16,MSFT,stocks,12780594,353245,421.8014851485148,420.92991416309013,425.45,420.35,0.0001058145687616
2024-05-15,GE,stocks,6247421,90389,160.0,163.45,163.74,159.22,0.0001095999569772
2024-05-15,MSFT,stocks,14945518,401065,417.7405699481865,423.14,423.83,417.25,0.00005055347056115128
2024-05-14,GE,stocks,5400158,72898,158.64,159.97,160.8399,158.09,0.0001313094615617
2024-05-14,MSFT,stocks,10985691,327973,412.13722891566266,416.42,417.49,411.52,0.00006209449650345436
2024-05-13,GE,stocks,6861997,104987,163.02375,159.5,163.12,158.86,0.0004296836861553
2024-05-13,MSFT,stocks,10543607,330504,418.01,413.75000000000006,418.35,410.82,0.0001363973599429
2024-05-10,GE,stocks,4894742,78800,167.91,163.33,168.7988,163.1101,0.0001158480525823
2024-05-10,MSFT,stocks,9352865,311610,413.06,414.6231939163498,415.3899,411.8,0.0000508238981935628
2024-05-09,GE,stocks,4377490,65435,168.76,167.5,169.39,167.13,0.00006870725847002843
2024-05-09,MSFT,stocks,8478909,252461,410.35,412.29,412.75000000000006,409.1,0.000043589688436960846
2024-05-08,GE,stocks,4207445,64384,168.1,168.83999999999995,170.19,168.09999999999997,0.00006970991247708713
2024-05-08,MSFT,stocks,8330171,263493,408.1961386138614,410.51437908496735,412.24,406.68,0.00004160497769973582
2024-05-07,GE,stocks,3831695,70213,167.8175438596491,168.79,170.8,167.22,0.0001284682683156
2024-05-07,MSFT,stocks,12380320,322750,414.9277064220184,409.17,414.94,409.09,0.0000771729344641781
2024-05-06,GE,stocks,3865090,65846,165.12,167.97,167.98,165.0,0.0001803785656915
2024-05-06,MSFT,stocks,12017675,339664,408.680936329588,413.64,413.93,406.37,0.00006921946139381996
2024-05-03,GE,stocks,3378892,62334,165.32,164.09,165.74,162.01,0.0004867545786562
2024-05-03,MSFT,stocks,12758342,339035,402.4609243697479,406.84,407.0538924731183,401.8553333333333,0.000097629342122092
2024-05-02,GE,stocks,3900220,68415,161.39,162.66944705882352,162.825,159.41,0.0002073864270766
2024-05-02,MSFT,stocks,12590313,322332,397.5589133738602,397.895,399.9899,394.6512,0.0001280014440463
2024-05-01,GE,stocks,4148461,70907,162.57,159.69,163.3,158.82,0.0003335965522046
2024-05-01,MSFT,stocks,18393426,440538,392.6063157894737,394.925,401.72,390.31,0.0002601470054905
2024-04-30,GE,stocks,5414410,78061,163.56,161.755,166.29,161.5921,0.0002369498706152
2024-04-30,MSFT,stocks,20464827,486255,401.13688073394496,389.20987303096143,402.18,389.17,0.0001469546182358
2024-04-29,GE,stocks,4748217,72711,163.0,164.51,166.078,162.99999999999997,0.0005316440914993
2024-04-29,MSFT,stocks,15363109,406421,405.7128675136116,402.21,406.35,399.19,0.0001459188824089
2024-04-26,GE,stocks,4612675,75721,161.01749999999998,162.33,163.46,160.3114,0.000241038614541
2024-04-26,MSFT,stocks,24752139,502626,412.0959069767442,406.14375,413.0,405.75,0.0002571379040192
2024-04-25,GE,stocks,4854746,75841,158.09,161.27,161.48,157.09,0.0003246236269872
2024-04-25,MSFT,stocks,31133122,673065,394.21,399.51,399.8899,388.03,0.0002520217078517
2024-04-24,GE,stocks,9253452,126259,161.885,159.1,162.35,155.56,0.0005046966228382
2024-04-24,MSFT,stocks,10373346,313085,409.18022471910115,408.86,412.5,406.78,0.00006621825036386292
2024-04-23,GE,stocks,16823165,189529,157.83,162.62,163.65,152.82,0.0011367223460708
2024-04-23,MSFT,stocks,10843633,317332,404.23,407.481,408.2,403.06,0.00005568175556544594
2024-04-22,GE,stocks,5721477,86970,148.87173913043478,150.02955555555553,151.92,148.505,0.0002568094590604
2024-04-22,MSFT,stocks,14183718,378955,400.0825333333333,400.945,402.85,395.75,0.0001244654866025
2024-04-19,GE,stocks,8427395,116644,153.45,148.09,153.58,146.78,0.0004308101864725
2024-04-19,MSFT,stocks,23536194,449312,404.090406779661,399.11,405.42,397.7699999999999,0.0001447700691257
2024-04-18,GE,stocks,5057810,77408,156.68,152.94,157.99,152.88,0.0002193953542031
2024-04-18,MSFT,stocks,16606578,409093,410.75579831932777,404.16,411.9,404.04,0.0001344023644279
2024-04-17,GE,stocks,5600626,85570,158.0,155.65,158.69,153.6156,0.0003210953181238
2024-04-17,MSFT,stocks,13097417,343257,417.5302943969611,411.73,418.89,410.33,0.0001476846002706
2024-04-16,GE,stocks,5311416,77813,152.69999208547685,156.79,157.02,152.671,0.0004094853126026
2024-04-16,MSFT,stocks,13169262,332525,414.8537500000001,414.5,418.4,413.7301,0.0001522677813086
2024-04-15,GE,stocks,4730784,74100,157.21499999999995,153.7,158.69,152.69,0.0003192347734551
2024-04-15,MSFT,stocks,14537146,403890,426.5998322147651,413.63,426.83,413.43,0.0001726208547342
2024-04-12,GE,stocks,5997591,81152,155.92,154.6301724137931,157.0,153.02875,0.0002545626612288
2024-04-12,MSFT,stocks,13843803,360886,424.05251572327046,422.11080882352945,425.1794,419.776,0.00007693921155073741
2024-04-11,GE,stocks,4613791,64617,157.06,157.68,158.44969999999998,154.7491,0.0001724951271954
2024-04-11,MSFT,stocks,13038340,329743,425.83,427.84,429.37,422.36,0.00005017205372512317
2024-04-10,GE,stocks,6601453,97540,151.99533333333332,156.52,157.79,151.6507,0.0004741963203163
2024-04-10,MSFT,stocks,12903556,364419,422.1922807017544,423.13,424.0909,419.68,0.0001462363561092
2024-04-09,GE,stocks,7654148,104417,156.13,154.44,157.85458221208668,150.9,0.0004554749097212
2024-04-09,MSFT,stocks,9552222,289765,426.4493288590603,426.3487633965375,427.74000000000007,421.6,0.0001415045241287
2024-04-08,GE,stocks,8384416,109427,157.25666666666666,156.53,157.9688,153.7,0.0003242074971465
2024-04-08,MSFT,stocks,10456645,306861,425.0271724137931,424.6595901639344,427.3,423.2601,0.00005827837813580786
2024-04-05,GE,stocks,13677871,160385,148.53,156.3,156.47,148.215,0.000614415701251
2024-04-05,MSFT,stocks,12804963,343058,419.76,425.5314678899083,426.4963374340949,418.32,0.00008962406613543581
2024-04-04,GE,stocks,10759387,143135,146.625,147.39,151.99666666666667,146.1,0.000521091923773
2024-04-04,MSFT,stocks,13179924,359957,424.98173913043473,417.9,428.67,417.55,0.0001188558645121
2024-04-03,GE,stocks,14959263,178179,137.9,145.63,147.935,137.595,0.0013086183551323
2024-04-03,MSFT,stocks,13116828,328889,419.72676923076926,420.485,423.27,419.0515,0.00004539781382806424
2024-04-02,GE,stocks,17571364,205019,140.53,136.49,144.546,133.998,0.0012274321602831
2024-04-02,MSFT,stocks,12771227,350952,420.169800443459,421.46,424.19,417.83,0.000043100179880293485
2024-04-01,GE,stocks,5306181,78751,175.61907407407406,175.31,176.13,173.05,0.0002475522767051
2024-04-01,MSFT,stocks,12356121,353434,423.9742196531792,424.53854354354354,427.8888,422.21,0.0001279889174937
2024-03-28,GE,stocks,8050766,112470,179.7307062655493,175.4796395076201,180.25,174.32999999999998,0.000488129767078
2024-03-28,MSFT,stocks,11837642,298653,421.35996168582375,420.03,421.89,419.09,0.00006436661893688418
2024-03-27,GE,stocks,8690399,114160,175.02,180.09000000000003,180.36045995241872,174.68,0.0002381422660027
2024-03-27,MSFT,stocks,12144510,324831,424.4475,421.48,424.45,418.94013457324405,0.00005132177537425878
2024-03-26,GE,stocks,3378998,63050,173.49,173.59,175.08,172.38,0.0001955072723833
2024-03-26,MSFT,stocks,11315257,306565,425.6199115913555,421.88,426.0,421.37,0.00004749518905499057
2024-03-25,GE,stocks,3932949,67556,174.66,173.51,175.52,172.77,0.0001029071995956
2024-03-25,MSFT,stocks,12975532,379242,425.39003054101215,422.84,427.45,421.6,0.00005615455430135355
2024-03-22,GE,stocks,4094042,67022,176.3,175.11,177.5,175.10101663585954,0.00007442891243959033
2024-03-22,MSFT,stocks,11001271,305026,429.68753275109174,428.68,429.8605,426.07,0.00005758740310709585
2024-03-21,GE,stocks,5204283,79761,174.62,176.64,177.05,173.10285714285715,0.0001678701599187
2024-03-21,MSFT,stocks,14826045,366638,429.83,429.37,430.8688,425.23,0.00004915500367674383
2024-03-20,GE,stocks,4656985,77285,172.61,173.87,174.78,172.01,0.0001602598752216
2024-03-20,MSFT,stocks,13325782,329478,422.0711698537683,425.16628151260505,425.96,420.66,0.0001034692027293
2024-03-19,GE,stocks,5567424,81826,169.81,173.45824,173.93,169.0001,0.0001101961755513
2024-03-19,MSFT,stocks,13511162,322383,417.7772058823529,421.37,421.67,415.5395,0.000058426729387603754
2024-03-18,GE,stocks,3196104,55270,168.96,169.9045355191257,170.75,168.5621,0.00009371810143229064
2024-03-18,MSFT,stocks,13445127,358492,414.21,417.37,420.74,413.7503,0.0001235906967069
2024-03-15,GE,stocks,6976090,88980,165.65,169.05071404598087,170.5,164.385,0.0002291059649153
2024-03-15,MSFT,stocks,29403430,475518,419.28,416.422,422.6700000000001,412.79,0.0001192156310589
2024-03-14,GE,stocks,5553019,93908,170.25,166.81,170.75,165.63,0.0001835790401767
2024-03-14,MSFT,stocks,28467400,575840,420.17,425.49,427.8239221556886,417.9703,0.000210026657236
2024-03-13,GE,stocks,4718908,81158,165.51999999999998,170.22083333333333,171.05,165.505,0.000182098816899
2024-03-13,MSFT,stocks,12691537,319532,418.17,415.23,418.18,411.4551,0.0001098167936272
2024-03-12,GE,stocks,4732805,81151,167.44583333333333,167.45,167.8,163.93,0.0001958650971429
2024-03-12,MSFT,stocks,17547124,377509,407.6417,415.26,415.57,406.78,0.0001072098762674
2024-03-11,GE,stocks,6555814,103820,167.09,166.56,168.42,162.98,0.0004145604493124
2024-03-11,MSFT,stocks,12600071,348981,403.77,404.58,405.68,401.25,0.00009000323815293022
2024-03-08,GE,stocks,15700758,204205,169.51,167.92,175.8599,167.34999999999997,0.0007227119060556
2024-03-08,MSFT,stocks,13487817,355562,407.8301661129568,406.17,410.4399,404.31,0.0001096144667889
2024-03-07,GE,stocks,10147664,121506,162.04,166.49,166.73,161.5,0.000271289747634
2024-03-07,MSFT,stocks,13968779,338471,406.0980357142857,408.999211469534,409.8,402.23,0.0001280353217153
2024-03-06,GE,stocks,5732883,75446,159.09940886699505,159.5,160.98,158.46,0.0001227548360864
2024-03-06,MSFT,stocks,18668366,428122,402.92030303030305,402.3,405.17,398.39,0.0001418662590531
2024-03-05,GE,stocks,5495060,96815,161.52,157.86,162.14,156.5701,0.000139718604995
2024-03-05,MSFT,stocks,21261884,520073,414.0899019607843,402.85,414.23026497695855,400.63,0.0002177104174192
2024-03-04,GE,stocks,6088163,92350,159.37,160.98,161.7999,159.01,0.0001475845127632
2024-03-04,MSFT,stocks,13139898,377885,413.45,414.8650272851296,417.3500030931024,412.285,0.00007030495080267452
2024-03-01,GE,stocks,6046871,92975,157.0,158.64,159.325,156.86,0.00008024532418822116
2024-03-01,MSFT,stocks,14254791,379784,411.21,415.56000000000006,415.88,410.88,0.00008261155549305135
